company,ltp,timestamp,total_shares,market_cap,free_float_pct,free_float_mcap
1JANATAMF,3.5,2025-07-22 14:29:00,289923349.0,1014731721.5,75.0,761048791.125
ACIFORMULA,135.9,2025-07-22 14:29:00,47250000.0,6421275000.0,33.98,2181949244.9999995
ADNTEL,75.2,2025-07-22 14:29:00,64651666.0,4861805283.2,57.19,2780466441.46208
AIBLPBOND,4760.0,2025-07-22 14:29:00,100000.0,0.0,100.0,0.0
APEXFOODS,227.8,2025-07-22 14:29:00,5702400.0,1299006720.0,46.61,605467032.1919999
APEXSPINN,134.3,2025-07-22 14:29:00,8400000.0,1128120000.0,47.24,532923888.0
ARGONDENIM,16.6,2025-07-22 14:29:00,138888606.0,2305550859.6000004,64.13,1478549766.26148
ATCSLGF,0.0,2025-07-22 14:29:00,61786050.0,0.0,96.76,0.0
BBSCABLES,17.4,2025-07-22 14:29:00,211709767.0,3683749945.7999997,69.88,2574204462.1250396
BDTHAIFOOD,14.4,2025-07-22 14:29:00,81500000.0,1173600000.0,64.39,755681040.0
BEACHHATCH,47.9,2025-07-22 14:29:00,41401021.0,1983108905.8999999,65.03,1289615721.50677
BERGERPBL,0.0,2025-07-22 14:29:00,49105991.0,0.0,5.0,0.0
BPPL,15.0,2025-07-22 14:29:00,172995488.0,2594932320.0,64.24,1666984522.3679998
BRACBANK,63.1,2025-07-22 14:29:00,1990926167.0,125627441137.7,53.83,67625251564.423904
CAPITECGBF,7.5,2025-07-22 14:29:00,155680000.0,1167600000.0,35.77,417650520.0
CAPMBDBLMF,10.2,2025-07-22 14:29:00,50131000.0,511336199.99999994,80.05,409324628.0999999
CAPMIBBLMF,9.0,2025-07-22 14:29:00,66853500.0,601681500.0,33.44,201202293.6
DAFODILCOM,55.3,2025-07-22 14:29:00,49912262.0,2760148088.6,58.6,1617446779.9196
DEBARACEM,0.0,2025-07-22 14:29:00,45000.0,0.0,100.0,0.0
DHAKABANK,11.2,2025-07-22 14:29:00,1056932349.0,11837642308.8,58.97,6980657669.499359
DOMINAGE,12.0,2025-07-22 14:29:00,102600000.0,1231200000.0,69.8,859377600.0
EBLNRBMF,3.6,2025-07-22 14:29:00,224261303.0,807340690.8000001,91.11,735568103.3878801
EHL,78.1,2025-07-22 14:29:00,93345153.0,7290256449.299999,49.64,3618883301.4325194
FEDERALINS,19.7,2025-07-22 14:29:00,71039643.0,1399480967.1,61.74,864039549.08754
GQBALLPEN,213.9,2025-07-22 14:29:00,8928091.0,1909718664.9,56.51,1079182017.53499
GREENDELMF,4.2,2025-07-22 14:29:00,150000000.0,630000000.0,91.67,577521000.0
HAMI,102.0,2025-07-22 14:29:00,7700000.0,785400000.0,67.48,529987920.0
ICBSONALI1,5.8,2025-07-22 14:29:00,100000000.0,580000000.0,75.0,435000000.0
ISLAMIBANK,45.4,2025-07-22 14:29:00,1609990668.0,73093576327.2,99.82,72962007889.81104
JAMUNABANK,17.8,2025-07-22 14:29:00,939337630.0,16720209814.0,56.84,9503767258.2776
JUTESPINN,214.4,2025-07-22 14:29:00,1700000.0,364480000.0,60.18,219344064.0
KOHINOOR,527.7,2025-07-22 14:29:00,37070812.0,19562267492.4,49.43,9669628821.49332
LIBRAINFU,811.8,2025-07-22 14:29:00,2252880.0,1828887984.0,65.58,1199384739.9072
MBPLCPBOND,0.0,2025-07-22 14:29:00,100000.0,0.0,100.0,0.0
MIRAKHTER,28.0,2025-07-22 14:29:00,120771547.0,3381603316.0,51.42,1738820425.0872
NPOLYMER,29.6,2025-07-22 14:29:00,72983668.0,2160316572.8,67.45,1457133528.3536003
OIMEX,24.6,2025-07-22 14:29:00,73084781.0,1797885612.6000001,64.24,1154961717.53424
ORIONPHARM,33.2,2025-07-22 14:29:00,234000000.0,7768800000.000001,68.02,5284337760.000001
PAPERPROC,92.2,2025-07-22 14:29:00,,,,
PHENIXINS,24.9,2025-07-22 14:29:00,40341572.0,1004505142.8,61.83,621085529.79324
POPULAR1MF,3.6,2025-07-22 14:29:00,299089027.0,1076720497.2,90.0,969048447.48
POPULARLIF,47.9,2025-07-22 14:29:00,60428358.0,2894518348.2,76.3,2208517499.6765995
PURABIGEN,18.0,2025-07-22 14:29:00,59812506.0,1076625108.0,68.42,736626898.8936
RENATA,525.6,2025-07-22 14:29:00,114696490.0,60284475144.0,48.71,29364567842.642403
RNSPIN,14.9,2025-07-22 14:29:00,,,,
RUPALIINS,21.3,2025-07-22 14:29:00,76665411.0,1632973254.3,53.65,876090150.93195
SANDHANINS,20.5,2025-07-22 14:29:00,109698633.0,2248821976.5,68.33,1536620056.54245
SAPORTL,23.6,2025-07-22 14:29:00,236867123.0,5590064102.8,41.0,2291926282.1480002
SHEPHERD,18.5,2025-07-22 14:29:00,154046473.0,2849859750.5,48.52,1382751950.9426
SILCOPHL,15.5,2025-07-22 14:29:00,103807000.0,1609008500.0,64.54,1038454085.9000001
SINOBANGLA,43.6,2025-07-22 14:29:00,30294849.0,1320855416.4,69.39,916541573.43996
SKTRIMS,10.3,2025-07-22 14:29:00,84700000.0,872410000.0000001,68.77,599956357.0000001
SUNLIFEINS,58.1,2025-07-22 14:29:00,35760690.0,2077696089.0,64.34,1336789663.6626
TB10Y0234,103.37,2025-07-22 14:29:00,150363000.0,15543023310.0,100.0,15543023310.0
TB10Y0335,98.92,2025-07-22 14:29:00,400000000.0,0.0,100.0,0.0
TB10Y0629,0.0,2025-07-22 14:29:00,300000000.0,0.0,100.0,0.0
TB15Y0225,0.0,2025-07-22 14:29:00,,,,
TB15Y0229,0.0,2025-07-22 14:29:00,15000000.0,0.0,100.0,0.0
TB15Y0327,0.0,2025-07-22 14:29:00,27500000.0,0.0,100.0,0.0
TB15Y0428,0.0,2025-07-22 14:29:00,20000000.0,0.0,100.0,0.0
TB15Y0526,0.0,2025-07-22 14:29:00,25000000.0,0.0,100.0,0.0
TB15Y0629,0.0,2025-07-22 14:29:00,40000000.0,0.0,100.0,0.0
TB15Y0826,0.0,2025-07-22 14:29:00,15000000.0,0.0,100.0,0.0
TB15Y0828,0.0,2025-07-22 14:29:00,15000000.0,0.0,100.0,0.0
TB15Y1225,0.0,2025-07-22 14:29:00,15000000.0,0.0,100.0,0.0
TB15Y1227,0.0,2025-07-22 14:29:00,10000000.0,0.0,100.0,0.0
TB20Y0331,0.0,2025-07-22 14:29:00,16000000.0,0.0,100.0,0.0
TB20Y0534,0.0,2025-07-22 14:29:00,35000000.0,0.0,100.0,0.0
TB20Y0540,0.0,2025-07-22 14:29:00,450000000.0,0.0,100.0,0.0
TB20Y0729,0.0,2025-07-22 14:29:00,12500000.0,0.0,100.0,0.0
TB20Y0732,0.0,2025-07-22 14:29:00,30000000.0,0.0,100.0,0.0
TB20Y0734,0.0,2025-07-22 14:29:00,25000000.0,0.0,100.0,0.0
TB20Y0833,0.0,2025-07-22 14:29:00,15000000.0,0.0,100.0,0.0
TB20Y1027,0.0,2025-07-22 14:29:00,5000000.0,0.0,100.0,0.0
TB20Y1029,0.0,2025-07-22 14:29:00,12500000.0,0.0,100.0,0.0
TB20Y1030,0.0,2025-07-22 14:29:00,12500000.0,0.0,100.0,0.0
TB20Y1130,0.0,2025-07-22 14:29:00,12500000.0,0.0,100.0,0.0
TB2Y0327,0.0,2025-07-22 14:29:00,450000000.0,0.0,100.0,0.0
TB2Y0525,0.0,2025-07-22 14:29:00,,,,
TB2Y0527,0.0,2025-07-22 14:29:00,450000000.0,0.0,100.0,0.0
TB5Y0125,99.39,2025-07-22 14:29:00,,,,
TB5Y0527,0.0,2025-07-22 14:29:00,449960000.0,0.0,100.0,0.0
TB5Y0529,101.77,2025-07-22 14:29:00,119944000.0,0.0,100.0,0.0
TB5Y0828,0.0,2025-07-22 14:29:00,350000000.0,0.0,100.0,0.0
TB5Y1128,95.9,2025-07-22 14:29:00,81362000.0,0.0,100.0,0.0
TITASGAS,20.3,2025-07-22 14:29:00,989221831.0,20081203169.3,25.0,5020300792.325
WATACHEM,128.2,2025-07-22 14:29:00,14822618.0,1900259627.6,63.59,1208375097.19084
YPL,14.8,2025-07-22 14:29:00,73698817.0,1090742491.6000001,69.9,762429001.6284001
ALLTEX,11.5,2025-07-22 14:29:00,55968000.0,643632000.0,61.65,396799128.0
ARAMIT,199.8,2025-07-22 14:29:00,6000000.0,1198800000.0,39.27,470768760.0
BGIC,30.8,2025-07-22 14:29:00,54027255.0,1664039454.0,66.6,1108250276.3639998
CNATEX,3.3,2025-07-22 14:29:00,239316000.0,789742800.0,92.9,733671061.2
CONTININS,24.2,2025-07-22 14:29:00,43685576.0,1057190939.1999999,68.46,723752916.9763199
CVOPRL,143.1,2025-07-22 14:29:00,27769500.0,3973815450.0,54.69,2173279669.605
DACCADYE,17.0,2025-07-22 14:29:00,87153453.0,1481608701.0,69.9,1035644481.9990001
DBH1STMF,6.2,2025-07-22 14:29:00,120000000.0,744000000.0,83.33,619975200.0
DEBBDWELD,0.0,2025-07-22 14:29:00,8000.0,0.0,100.0,0.0
DELTALIFE,70.6,2025-07-22 14:29:00,123750000.0,8736750000.0,59.0,5154682500.0
DULAMIACOT,92.5,2025-07-22 14:29:00,7556600.0,698985500.0,66.99,468250386.45
EASTLAND,18.6,2025-07-22 14:29:00,83880581.0,1560178806.6000001,58.89,918789299.2067401
EGEN,20.8,2025-07-22 14:29:00,75000000.0,1560000000.0,69.93,1090908000.0000002
EIL,34.3,2025-07-22 14:29:00,65197464.0,2236273015.2,40.0,894509206.08
ENVOYTEX,42.5,2025-07-22 14:29:00,167734767.0,7128727597.5,34.82,2482222949.4495
FEKDIL,15.8,2025-07-22 14:29:00,218744171.0,3456157901.8,32.81,1133965407.5805802
FINEFOODS,252.5,2025-07-22 14:29:00,13973918.0,3528414295.0,84.75,2990331115.0125
GBBPOWER,7.6,2025-07-22 14:29:00,101803548.0,773706964.8,67.99,526043365.3675199
IBNSINA,314.5,2025-07-22 14:29:00,31243627.0,9826120691.5,55.32,5435809966.5378
ILFSL,3.2,2025-07-22 14:29:00,221810246.0,709792787.2,58.45,414873884.11840004
ITC,39.9,2025-07-22 14:29:00,128592664.0,5130847293.599999,48.91,2509497411.2997594
KAY&QUE,245.0,2025-07-22 14:25:00,,,,
KEYACOSMET,4.9,2025-07-22 14:29:00,1102317324.0,5401354887.6,53.95,2914030961.8602004
LOVELLO,93.7,2025-07-22 14:29:00,93500000.0,8760950000.0,61.34,5373966730.0
MBL1STMF,4.9,2025-07-22 14:29:00,100000000.0,490000000.00000006,90.0,441000000.00000006
METROSPIN,11.7,2025-07-22 14:29:00,61698275.0,721869817.5,69.91,504659189.41424996
MIDASFIN,7.5,2025-07-22 14:29:00,143892507.0,1079193802.5,61.64,665215059.861
MIDLANDBNK,24.8,2025-07-22 14:29:00,658859845.0,16339724156.0,23.4,3823495452.5039997
MONNOAGML,374.7,2025-07-22 14:29:00,4400256.0,1648775923.2,70.0,1154143146.24
NEWLINE,7.3,2025-07-22 14:29:00,78532650.0,573288345.0,69.39,397804782.59550005
NORTHRNINS,28.0,2025-07-22 14:29:00,42659611.0,1194469108.0,69.0,824183684.52
PENINSULA,11.1,2025-07-22 14:29:00,118666800.0,1317201480.0,45.71,602092796.508
PF1STMF,5.5,2025-07-22 14:29:00,60000000.0,330000000.0,75.0,247500000.0
PHARMAID,623.8,2025-07-22 14:29:00,3120000.0,1946255999.9999998,76.42,1487328835.2
PIONEERINS,41.1,2025-07-22 14:29:00,97801420.0,4019638362.0,61.56,2474489375.6472
PREBPBOND,0.0,2025-07-22 14:29:00,40000.0,0.0,100.0,0.0
PRIME1ICBA,5.3,2025-07-22 14:29:00,100000000.0,530000000.0,80.0,424000000.0
PRIMEFIN,4.4,2025-07-22 14:29:00,272916483.0,1200832525.2,40.86,490660169.79672
PROGRESLIF,46.7,2025-07-22 14:29:00,16643166.0,777235852.2,61.18,475512894.37596
SEAPEARL,52.3,2025-07-22 14:29:00,120750000.0,6315225000.0,53.17,3357805132.5
SHYAMPSUG,128.6,2025-07-22 14:29:00,5000000.0,643000000.0,49.0,315070000.0
SKICL,48.8,2025-07-22 14:29:00,,,,
SQUARETEXT,48.8,2025-07-22 14:29:00,197252000.0,9625897600.0,38.17,3674205113.92
TB10Y0132,0.0,2025-07-22 14:29:00,450000000.0,0.0,100.0,0.0
TB10Y1124,0.0,2025-07-22 14:29:00,,,,
TB10Y1229,0.0,2025-07-22 14:29:00,400000000.0,0.0,100.0,0.0
TB15Y0125,0.0,2025-07-22 14:29:00,,,,
TB15Y0129,0.0,2025-07-22 14:29:00,15000000.0,0.0,100.0,0.0
TB15Y0429,0.0,2025-07-22 14:29:00,35000000.0,0.0,100.0,0.0
TB15Y0628,0.0,2025-07-22 14:29:00,20000000.0,0.0,100.0,0.0
TB15Y1025,99.04,2025-07-22 14:29:00,15000000.0,0.0,100.0,0.0
TB15Y1224,0.0,2025-07-22 14:29:00,,,,
TB15Y1228,0.0,2025-07-22 14:29:00,15000000.0,0.0,100.0,0.0
TB20Y0132,0.0,2025-07-22 14:29:00,25000000.0,0.0,100.0,0.0
TB20Y0229,0.0,2025-07-22 14:29:00,12500000.0,0.0,100.0,0.0
TB20Y0328,0.0,2025-07-22 14:29:00,5000000.0,0.0,100.0,0.0
TB20Y0545,99.97,2025-07-22 14:29:00,150000000.0,0.0,100.0,0.0
TB20Y0728,0.0,2025-07-22 14:29:00,12500000.0,0.0,100.0,0.0
TB20Y0735,0.0,2025-07-22 14:29:00,260000000.0,0.0,100.0,0.0
TB20Y0828,0.0,2025-07-22 14:29:00,12500000.0,0.0,100.0,0.0
TB20Y0834,0.0,2025-07-22 14:29:00,25000000.0,0.0,100.0,0.0
TB20Y1138,0.0,2025-07-22 14:29:00,300000000.0,0.0,100.0,0.0
TB20Y1230,0.0,2025-07-22 14:29:00,12500000.0,0.0,100.0,0.0
TB2Y0126,100.0,2025-07-22 14:29:00,127190000.0,0.0,100.0,0.0
TB2Y0127,0.0,2025-07-22 14:29:00,450000000.0,0.0,100.0,0.0
TB2Y0227,97.36,2025-07-22 14:29:00,450000000.0,0.0,100.0,0.0
TB5Y0230,92.49,2025-07-22 14:29:00,400000000.0,0.0,100.0,0.0
TB5Y0626,0.0,2025-07-22 14:29:00,450000000.0,0.0,100.0,0.0
TB5Y0630,104.91,2025-07-22 14:29:00,394918000.0,41430847380.0,100.0,41430847380.0
TB5Y1225,95.16,2025-07-22 14:29:00,400000000.0,0.0,100.0,0.0
UNILEVERCL,2452.0,2025-07-22 14:29:00,19274318.0,47260627736.0,7.2,3402765196.992
UNIONBANK,2.9,2025-07-22 14:29:00,1036280448.0,3005213299.2,45.51,1367672572.4659197
UNITEDFIN,13.0,2025-07-22 14:29:00,187114614.0,2432489982.0,59.87,1456331752.2233999
AFTABAUTO,36.8,2025-07-22 14:29:00,105544995.0,3884055815.9999995,70.68,2745250650.7488003
AMCL(PRAN),233.0,2025-07-22 14:29:00,8000000.0,1864000000.0,59.85,1115604000.0
ANLIMAYARN,22.7,2025-07-22 14:29:00,17867800.0,405599060.0,55.57,225391397.64200002
APOLOISPAT,3.4,2025-07-22 14:29:00,401308600.0,1364449240.0,79.76,1088284713.8240001
ATLASBANG,58.9,2025-07-22 14:29:00,33127108.0,1951186661.2,49.0,956081463.988
BANGAS,104.2,2025-07-22 14:29:00,7624643.0,794487800.6,69.01,548276031.1940601
BARKAPOWER,11.2,2025-07-22 14:29:00,235465661.0,2637215403.2,70.0,1846050782.24
BBS,11.4,2025-07-22 14:29:00,162929732.0,1857398944.8,69.99,1299993521.46552
BSCCL,0.0,2025-07-22 14:29:00,,,,
BSRMLTD,82.8,2025-07-22 14:29:00,298584626.0,24722807032.8,52.88,13073420358.944641
CLICL,0.0,2025-07-22 14:29:00,37500000.0,0.0,40.0,0.0
DEBBXKNI,0.0,2025-07-22 14:29:00,100000.0,0.0,100.0,0.0
DGIC,23.7,2025-07-22 14:29:00,40000000.0,948000000.0,47.89,453997200.0
DSSL,10.3,2025-07-22 14:29:00,210793275.0,2171170732.5,67.83,1472705107.8547502
DUTCHBANGL,48.8,2025-07-22 14:29:00,966701139.0,47175015583.2,13.01,6137469527.37432
EASTERNINS,46.6,2025-07-22 14:29:00,43110144.0,2008932710.4,54.14,1087636169.41056
EMERALDOIL,22.5,2025-07-22 14:29:00,91272004.0,2053620090.0,45.5,934397140.95
EPGL,17.5,2025-07-22 14:29:00,190163216.0,3327856280.0,45.87,1526487675.6360002
FORTUNE,16.8,2025-07-22 14:29:00,170662263.0,2867126018.4,69.07,1980323940.90888
GENEXIL,24.9,2025-07-22 14:29:00,120450021.0,2999205522.8999996,69.95,2097944263.26855
GENNEXT,2.7,2025-07-22 14:29:00,494974555.0,1336431298.5,83.74,1119127569.3639
GHAIL,13.7,2025-07-22 14:29:00,215837621.0,2956975407.7,69.58,2057463488.67766
GLOBALINS,28.3,2025-07-22 14:29:00,40551763.0,1147614892.9,64.68,742277312.7277201
GREENDELT,46.9,2025-07-22 14:29:00,100188194.0,4698826298.599999,69.49,3265214394.897139
IBBL2PBOND,3960.0,2025-07-22 14:29:00,160000.0,633600000.0,100.0,633600000.0
ICBAGRANI1,6.9,2025-07-22 14:29:00,98151000.0,677241900.0,49.06,332254876.14
ICBAMCL2ND,6.3,2025-07-22 14:29:00,50000000.0,315000000.0,100.0,315000000.0
ICBEPMF1S1,5.0,2025-07-22 14:29:00,75000000.0,375000000.0,90.0,337500000.0
IFADAUTOS,23.9,2025-07-22 14:29:00,268253911.0,6411268472.9,45.13,2893405461.81977
IFIC,6.3,2025-07-22 14:29:00,1922086648.0,12109145882.4,67.25,8143400605.9140005
JAMUNAOIL,185.2,2025-07-22 14:29:00,110424600.0,20450635920.0,39.92,8163893859.264
JANATAINS,25.3,2025-07-22 14:29:00,46617912.0,1179433173.6000001,60.13,709193167.28568
LHBL,57.5,2025-07-22 14:29:00,,,,
MERCANBANK,8.3,2025-07-22 14:29:00,1106575435.0,9184576110.5,66.37,6095803164.53885
MITHUNKNIT,15.5,2025-07-22 14:29:00,32491162.0,503613011.0,82.8,416991573.108
MONOSPOOL,105.5,2025-07-22 14:29:00,34105101.0,3598088155.5,57.5,2068900689.4125
NAHEEACP,21.8,2025-07-22 14:29:00,68360160.0,1490251488.0,67.71,1009049282.5248
NATLIFEINS,98.9,2025-07-22 14:29:00,108521981.0,10732823920.900002,44.12,4735321913.90108
NCCBLMF1,5.5,2025-07-22 14:29:00,108503401.0,596768705.5,85.0,507253399.675
NHFIL,26.7,2025-07-22 14:29:00,117031200.0,3124733040.0,40.09,1252705475.736
NITOLINS,25.8,2025-07-22 14:29:00,42218020.0,1089224916.0,65.0,707996195.4
NRBBANK,11.1,2025-07-22 14:29:00,690587200.0,7665517920.0,44.01,3373594436.592
NRBCBANK,7.1,2025-07-22 14:29:00,828649534.0,5883411691.4,39.27,2310415771.21278
ORIONINFU,350.8,2025-07-22 14:29:00,20359760.0,7142203808.0,59.39,4241754841.5712
PUBALIBANK,26.1,2025-07-22 14:29:00,1301434869.0,33967450080.9,71.8,24388629158.0862
QUEENSOUTH,12.6,2025-07-22 14:29:00,152601439.0,1922778131.3999999,48.43,931201449.03702
SAIHAMTEX,14.2,2025-07-22 14:29:00,90562500.0,1285987500.0,65.8,846179775.0
SEMLFBSLGF,5.8,2025-07-22 14:29:00,72944500.0,423078100.0,85.61,362197161.41
SIBL,8.2,2025-07-22 14:29:00,1140155100.0,9349271820.0,88.38,8262886434.516
SJIBLPBOND,4301.0,2025-07-22 14:29:00,100000.0,0.0,100.0,0.0
SONALIANSH,186.8,2025-07-22 14:29:00,10848000.0,2026406400.0000002,68.98,1397815134.7200003
SOUTHEASTB,7.8,2025-07-22 14:29:00,1337396388.0,10431691826.4,65.53,6835887653.839919
TB10Y0531,0.0,2025-07-22 14:29:00,450000000.0,0.0,100.0,0.0
TB10Y0829,0.0,2025-07-22 14:29:00,400000000.0,0.0,100.0,0.0
TB10Y0833,0.0,2025-07-22 14:29:00,253613000.0,0.0,100.0,0.0
TB15Y0127,0.0,2025-07-22 14:29:00,27500000.0,0.0,100.0,0.0
TB15Y0227,0.0,2025-07-22 14:29:00,27500000.0,0.0,100.0,0.0
TB15Y0329,0.0,2025-07-22 14:29:00,35000000.0,0.0,100.0,0.0
TB15Y0431,0.0,2025-07-22 14:29:00,285000000.0,0.0,100.0,0.0
TB15Y0525,0.0,2025-07-22 14:29:00,,,,
TB15Y0625,0.0,2025-07-22 14:29:00,,,,
TB15Y0626,0.0,2025-07-22 14:29:00,25000000.0,0.0,100.0,0.0
TB15Y0727,0.0,2025-07-22 14:29:00,35000000.0,0.0,100.0,0.0
TB15Y0728,0.0,2025-07-22 14:29:00,15000000.0,0.0,100.0,0.0
TB15Y0926,0.0,2025-07-22 14:29:00,15000000.0,0.0,100.0,0.0
TB15Y0930,0.0,2025-07-22 14:29:00,300000000.0,0.0,100.0,0.0
TB15Y1027,0.0,2025-07-22 14:29:00,10000000.0,0.0,100.0,0.0
TB15Y1125,0.0,2025-07-22 14:29:00,15000000.0,0.0,100.0,0.0
TB15Y1128,0.0,2025-07-22 14:29:00,15000000.0,0.0,100.0,0.0
TB20Y0134,0.0,2025-07-22 14:29:00,15000000.0,0.0,100.0,0.0
TB20Y0333,0.0,2025-07-22 14:29:00,10000000.0,0.0,100.0,0.0
TB20Y0334,0.0,2025-07-22 14:29:00,30000000.0,0.0,100.0,0.0
TB20Y0429,0.0,2025-07-22 14:29:00,15000000.0,0.0,100.0,0.0
TB20Y0436,0.0,2025-07-22 14:29:00,285000000.0,0.0,100.0,0.0
TB20Y0532,0.0,2025-07-22 14:29:00,32500000.0,0.0,100.0,0.0
TB20Y0829,0.0,2025-07-22 14:29:00,300000.0,0.0,100.0,0.0
TB20Y0930,0.0,2025-07-22 14:29:00,12500000.0,0.0,100.0,0.0
TB20Y1034,0.0,2025-07-22 14:29:00,25000000.0,0.0,100.0,0.0
TB20Y1132,0.0,2025-07-22 14:29:00,10000000.0,0.0,100.0,0.0
TB20Y1135,0.0,2025-07-22 14:29:00,395000000.0,0.0,100.0,0.0
TB2Y0125,0.0,2025-07-22 14:29:00,,,,
TB5Y1126,0.0,2025-07-22 14:29:00,450000000.0,0.0,100.0,0.0
TILIL,43.8,2025-07-22 14:29:00,40000000.0,1752000000.0,46.62,816782400.0
TOSRIFA,19.7,2025-07-22 14:29:00,67985119.0,1339306844.3,56.88,761797733.03784
TRUSTBANK,19.8,2025-07-22 14:29:00,994079482.0,19682773743.600002,40.0,7873109497.4400015
USMANIAGL,35.1,2025-07-22 14:29:00,17410900.0,611122590.0,47.0,287227617.3
VAMLRBBF,6.1,2025-07-22 14:29:00,158745000.0,968344500.0,74.8,724321686.0
ZAHINTEX,4.4,2025-07-22 14:29:00,81828549.0,360045615.6,63.06,227044765.19736004
ACMELAB,78.8,2025-07-22 14:29:00,211601700.0,16674213960.0,57.62,9607682083.751999
ADVENT,16.4,2025-07-22 14:29:00,93132732.0,1527376804.8,69.98,1068858287.9990401
AGNISYSL,26.6,2025-07-22 14:29:00,72556192.0,1929994707.2,69.97,1350417296.62784
AL-HAJTEX,129.4,2025-07-22 14:29:00,22298549.0,2885432240.6,69.34,2000758715.63204
ANWARGALV,72.2,2025-07-22 14:29:00,30187080.0,2179507176.0,64.68,1409705241.4368002
ASIATICLAB,46.3,2025-07-22 14:29:00,122393455.0,5666816966.5,59.29,3359855779.4378495
BESTHLDNG,16.6,2025-07-22 14:29:00,1059230365.0,17583224059.0,34.66,6094345458.8494
BSC,106.1,2025-07-22 14:29:00,152535040.0,16183967744.0,47.9,7752120549.375999
CITYBANK,22.5,2025-07-22 14:29:00,1521222069.0,34227496552.5,69.64,23836028599.161
CITYGENINS,47.0,2025-07-22 14:29:00,68166122.0,3203807734.0,63.94,2048514665.1195998
CONFIDCEM,56.2,2025-07-22 14:29:00,86253790.0,4847462998.0,69.66,3376742724.4068
DEBBXDENIM,0.0,2025-07-22 14:29:00,120000.0,0.0,100.0,0.0
DSHGARME,131.3,2025-07-22 14:29:00,8288342.0,1088259304.6000001,45.01,489825513.00046
EBL1STMF,4.7,2025-07-22 14:29:00,144754222.0,680344843.4,98.62,670956084.56108
ETL,9.0,2025-07-22 14:29:00,183744000.0,1653696000.0,67.06,1108968537.6
FARCHEM,23.0,2025-07-22 14:29:00,153097333.0,3521238659.0,67.37,2372258484.5683002
FAREASTFIN,3.5,2025-07-22 14:29:00,164063330.0,574221655.0,60.26,346025969.303
FIRSTFIN,0.0,2025-07-22 14:29:00,118544663.0,0.0,58.69,0.0
FUWANGFOOD,16.1,2025-07-22 14:29:00,110839284.0,1784512472.4,92.15,1644428243.3166003
GEMINISEA,153.5,2025-07-22 14:29:00,11485418.0,1763011663.0,69.99,1233931862.9336998
GHCL,20.8,2025-07-22 14:29:00,72000000.0,1497600000.0,31.4,470246400.0
GOLDENSON,12.5,2025-07-22 14:29:00,171729772.0,2146622150.0,63.53,1363749051.895
GPHISPAT,19.3,2025-07-22 14:29:00,483883456.0,9338950700.800001,58.41,5454881104.33728
HWAWELLTEX,41.4,2025-07-22 14:29:00,56000000.0,2318400000.0,49.17,1139957280.0
IBP,14.4,2025-07-22 14:29:00,116205178.0,1673354563.2,75.57,1264554043.41024
ICB,49.3,2025-07-22 14:29:00,867258961.0,42755866777.299995,3.8,1624722937.5374
IFIC1STMF,3.7,2025-07-22 14:29:00,182167965.0,674021470.5,79.17,533622798.19485
JMISMDL,145.0,2025-07-22 14:29:00,30056000.0,4358120000.0,20.36,887313232.0
KARNAPHULI,27.2,2025-07-22 14:29:00,44876113.0,1220630273.6,67.26,820995922.02336
KPCL,11.5,2025-07-22 14:29:00,397413179.0,4570251558.5,30.01,1371532492.7058501
LANKABAFIN,16.8,2025-07-22 14:29:00,538838623.0,9052488866.4,66.45,6015378851.7228
LRBDL,15.2,2025-07-22 14:29:00,145243144.0,2207695788.7999997,64.31,1419769161.7772799
MAKSONSPIN,6.2,2025-07-22 14:29:00,238232538.0,1477041735.6000001,70.0,1033929214.9200002
MALEKSPIN,23.7,2025-07-22 14:29:00,193600000.0,4588320000.0,52.66,2416209311.9999995
MARICO,2698.4,2025-07-22 14:29:00,31500000.0,84999600000.0,10.0,8499960000.0
MEGHNACEM,44.5,2025-07-22 14:29:00,31588529.0,1405689540.5,58.1,816705623.0305
MEGHNAPET,26.7,2025-07-22 14:29:00,12000000.0,320400000.0,56.45,180865800.0
MHSML,15.7,2025-07-22 14:29:00,100993374.0,1585595971.8,60.39,957541407.37002
ONEBANKPLC,8.1,2025-07-22 14:29:00,1065821887.0,8633157284.699999,69.06,5962058420.81382
PBLPBOND,4720.0,2025-07-22 14:29:00,100000.0,0.0,99.99,0.0
PRAGATILIF,109.7,2025-07-22 14:29:00,32545288.0,3570218093.6,59.38,2119995503.97968
PREMIERBAN,7.2,2025-07-22 14:29:00,1233431133.0,8880704157.6,67.03,5952735996.83928
PROVATIINS,30.5,2025-07-22 14:29:00,40312237.0,1229523228.5,69.97,860297402.9814501
RAHIMAFOOD,124.1,2025-07-22 14:29:00,20000200.0,2482024820.0,62.62,1554243942.284
RECKITTBEN,3411.7,2025-07-22 14:29:00,4725000.0,16120282500.0,13.27,2139161487.75
RENWICKJA,734.5,2025-07-22 14:29:00,2000000.0,1469000000.0,49.0,719810000.0
RUPALILIFE,81.3,2025-07-22 14:29:00,30014236.0,2440157386.7999997,67.93,1657598912.85324
SAIHAMCOT,13.9,2025-07-22 14:29:00,148775000.0,2067972500.0,57.6,1191152160.0
SEMLLECMF,9.8,2025-07-22 14:29:00,50000000.0,490000000.00000006,90.0,441000000.00000006
SONALILIFE,60.0,2025-07-22 14:29:00,47500000.0,2850000000.0,45.15,1286775000.0
SONALIPAPR,157.7,2025-07-22 14:29:00,32945188.0,5195456147.599999,32.49,1688003702.3552399
STANCERAM,70.9,2025-07-22 14:29:00,6460650.0,458060085.00000006,71.76,328703916.99600005
TB10Y0130,0.0,2025-07-22 14:29:00,400000000.0,0.0,100.0,0.0
TB10Y0434,99.5,2025-07-22 14:29:00,138189000.0,0.0,100.0,0.0
TB10Y0726,0.0,2025-07-22 14:29:00,270000000.0,0.0,100.0,0.0
TB10Y0825,0.0,2025-07-22 14:29:00,300000000.0,0.0,100.0,0.0
TB15Y0226,0.0,2025-07-22 14:29:00,20000000.0,0.0,100.0,0.0
TB15Y0325,0.0,2025-07-22 14:29:00,,,,
TB15Y0529,0.0,2025-07-22 14:29:00,40000000.0,0.0,100.0,0.0
TB15Y0535,0.0,2025-07-22 14:29:00,445000000.0,0.0,100.0,0.0
TB15Y0925,0.0,2025-07-22 14:29:00,14000000.0,0.0,100.0,0.0
TB20Y0230,0.0,2025-07-22 14:29:00,10000000.0,0.0,100.0,0.0
TB20Y0428,0.0,2025-07-22 14:29:00,5000000.0,0.0,100.0,0.0
TB20Y0430,0.0,2025-07-22 14:29:00,8000000.0,0.0,100.0,0.0
TB20Y0531,0.0,2025-07-22 14:29:00,17500000.0,0.0,100.0,0.0
TB20Y0632,0.0,2025-07-22 14:29:00,34100000.0,0.0,100.0,0.0
TB20Y0634,0.0,2025-07-22 14:29:00,35000000.0,0.0,100.0,0.0
TB20Y0641,0.0,2025-07-22 14:29:00,440000000.0,0.0,100.0,0.0
TB20Y0731,0.0,2025-07-22 14:29:00,15000000.0,0.0,100.0,0.0
TB20Y0733,0.0,2025-07-22 14:29:00,15000000.0,0.0,100.0,0.0
TB20Y0830,0.0,2025-07-22 14:29:00,12500000.0,0.0,100.0,0.0
TB20Y0927,0.0,2025-07-22 14:29:00,5000000.0,0.0,100.0,0.0
TB20Y1028,0.0,2025-07-22 14:29:00,12500000.0,0.0,100.0,0.0
TB20Y1228,0.0,2025-07-22 14:29:00,12500000.0,0.0,100.0,0.0
TB2Y0427,0.0,2025-07-22 14:29:00,450000000.0,0.0,100.0,0.0
TB2Y0626,100.24,2025-07-22 14:29:00,383573000.0,0.0,100.0,0.0
TB5Y0326,0.0,2025-07-22 14:29:00,450000000.0,0.0,100.0,0.0
TB5Y0327,0.0,2025-07-22 14:29:00,449941000.0,0.0,100.0,0.0
TB5Y0428,0.0,2025-07-22 14:29:00,600000000.0,0.0,100.0,0.0
TB5Y0628,90.93,2025-07-22 14:29:00,600000000.0,0.0,100.0,0.0
TB5Y0926,0.0,2025-07-22 14:29:00,406334000.0,0.0,100.0,0.0
UNIONINS,35.0,2025-07-22 14:29:00,48402260.0,1694079100.0,53.46,905654686.86
UTTARAFIN,14.5,2025-07-22 14:29:00,131481504.0,1906481808.0,55.56,1059241292.5248001
1STPRIMFMF,24.7,2025-07-22 14:29:00,20000000.0,494000000.0,98.0,484120000.0
ABBANK,6.9,2025-07-22 14:29:00,895694749.0,6180293768.1,68.22,4216196408.5978203
AFCAGRO,8.4,2025-07-22 14:29:00,115216200.0,967816080.0,72.16,698376083.3280001
ALARABANK,17.1,2025-07-22 14:29:00,1151691713.0,19693928292.300003,84.89,16718175727.333471
APEXFOOT,223.2,2025-07-22 14:29:00,15722437.0,3509247938.3999996,68.46,2402431138.6286397
ARAMITCEM,13.8,2025-07-22 14:29:00,33880000.0,467544000.0,54.08,252847795.2
AZIZPIPES,52.5,2025-07-22 14:29:00,5347125.0,280724062.5,88.84,249395257.125
BDSERVICE,0.0,2025-07-22 14:29:00,97788913.0,0.0,0.32,0.0
BENGALWTL,18.5,2025-07-22 14:29:00,91476000.0,1692306000.0,46.77,791491516.2
BEXIMCO,110.1,2025-07-22 14:29:00,943235842.0,103850266204.2,66.89,69465443063.98938
CRYSTALINS,45.4,2025-07-22 14:29:00,44000000.0,1997600000.0,42.0,838992000.0
DEBBDLUGG,0.0,2025-07-22 14:29:00,0.0,0.0,100.0,0.0
DESHBANDHU,19.9,2025-07-22 14:29:00,61365150.0,1221166485.0,66.46,811587245.9309999
ECABLES,121.2,2025-07-22 14:29:00,26400000.0,3199680000.0,40.92,1309309056.0
FUWANGCER,13.9,2025-07-22 14:29:00,136269093.0,1894140392.7,70.0,1325898274.89
GRAMEENS2,14.0,2025-07-22 14:29:00,182397902.0,2553570628.0,79.48,2029577935.1344001
GSPFINANCE,5.0,2025-07-22 14:29:00,157068585.0,785342925.0,77.56,609111972.63
ICB3RDNRB,4.9,2025-07-22 14:29:00,100000000.0,490000000.00000006,89.97,440853000.00000006
IPDC,17.4,2025-07-22 14:29:00,409128430.0,7118834681.999999,38.12,2713699780.7783995
LHB,55.6,2025-07-22 14:29:00,1161373500.0,64572366600.0,36.38,23491426969.08
MERCINS,26.0,2025-07-22 14:29:00,43095360.0,1120479360.0,65.52,734138076.6719999
MJLBD,95.9,2025-07-22 14:29:00,316752027.0,30376519389.300003,28.48,8651232722.072641
MLDYEING,9.7,2025-07-22 14:29:00,232434090.0,2254610673.0,69.43,1565376190.2639
MTB,11.4,2025-07-22 14:29:00,1081431720.0,12328321608.0,66.74,8227921841.179199
MTBPBOND,0.0,2025-07-22 14:29:00,4000.0,0.0,100.0,0.0
NTC,176.1,2025-07-22 14:29:00,11046624.0,1945310486.3999999,65.26,1269509623.42464
NTLTUBES,85.8,2025-07-22 14:29:00,34821803.0,2987710697.4,48.95,1462484386.3773
NURANI,3.3,2025-07-22 14:29:00,122625030.0,404662599.0,69.07,279500457.12929994
PADMALIFE,22.2,2025-07-22 14:29:00,38880000.0,863136000.0,68.44,590730278.4
PREMIERCEM,49.6,2025-07-22 14:29:00,105450000.0,5230320000.0,56.42,2950946544.0
REGENTTEX,3.8,2025-07-22 14:29:00,128612137.0,488726120.59999996,45.45,222126021.8127
RSRMSTEEL,10.6,2025-07-22 14:29:00,101189088.0,1072604332.8,70.07,751573855.9929599
RUPALIBANK,23.0,2025-07-22 14:29:00,487932065.0,11222437495.0,9.81,1100921118.2595
SEB1PBOND,4899.0,2025-07-22 14:29:00,100000.0,0.0,100.0,0.0
SEMLIBBLSF,6.9,2025-07-22 14:29:00,100000000.0,690000000.0,50.0,345000000.0
SHARPIND,18.5,2025-07-22 14:29:00,303452109.0,5613864016.5,63.37,3557505627.2560496
SICL,20.9,2025-07-22 14:29:00,40000000.0,836000000.0,49.6,414656000.0
SIMTEX,15.8,2025-07-22 14:29:00,79595381.0,1257607019.8,68.35,859574398.0332999
SINGERBD,122.3,2025-07-22 14:29:00,99702838.0,12193657087.4,43.0,5243272547.582
SONARBAINS,24.8,2025-07-22 14:29:00,42043517.0,1042679221.6,60.48,630612393.22368
SONARGAON,34.1,2025-07-22 14:29:00,26467056.0,902526609.6,55.55,501353531.6328
SPCERAMICS,22.2,2025-07-22 14:29:00,146966055.0,3262646421.0,50.0,1631323210.5
STANDBANKL,6.6,2025-07-22 14:29:00,1115842308.0,7364559232.799999,66.92,4928363038.58976
STYLECRAFT,72.5,2025-07-22 14:29:00,13884750.0,1006644375.0,67.97,684216181.6875
TAMIJTEX,121.4,2025-07-22 14:29:00,30064767.0,3649862713.8,38.77,1415051774.1402602
TB10Y0127,0.0,2025-07-22 14:29:00,260000000.0,0.0,100.0,0.0
TB10Y0135,0.0,2025-07-22 14:29:00,350000000.0,0.0,100.0,0.0
TB10Y0530,0.0,2025-07-22 14:29:00,450000000.0,0.0,100.0,0.0
TB15Y0128,0.0,2025-07-22 14:29:00,10000000.0,0.0,100.0,0.0
TB15Y0228,0.0,2025-07-22 14:29:00,10000000.0,0.0,100.0,0.0
TB15Y0328,0.0,2025-07-22 14:29:00,10000000.0,0.0,100.0,0.0
TB15Y0339,0.0,2025-07-22 14:29:00,74499000.0,0.0,100.0,0.0
TB15Y0437,0.0,2025-07-22 14:29:00,422800000.0,0.0,100.0,0.0
TB15Y0627,0.0,2025-07-22 14:29:00,50000000.0,0.0,100.0,0.0
TB15Y0729,0.0,2025-07-22 14:29:00,25000000.0,0.0,100.0,0.0
TB15Y0730,0.0,2025-07-22 14:29:00,300000000.0,0.0,100.0,0.0
TB15Y0927,0.0,2025-07-22 14:29:00,35000000.0,0.0,100.0,0.0
TB15Y0928,0.0,2025-07-22 14:29:00,15000000.0,0.0,100.0,0.0
TB15Y0933,0.0,2025-07-22 14:29:00,450000000.0,0.0,100.0,0.0
TB15Y1024,0.0,2025-07-22 14:29:00,,,,
TB15Y1028,0.0,2025-07-22 14:29:00,15000000.0,0.0,100.0,0.0
TB15Y1029,0.0,2025-07-22 14:29:00,25000000.0,0.0,100.0,0.0
TB15Y1126,0.0,2025-07-22 14:29:00,20000000.0,0.0,100.0,0.0
TB15Y1127,0.0,2025-07-22 14:29:00,10000000.0,0.0,100.0,0.0
TB20Y0128,0.0,2025-07-22 14:29:00,5000000.0,0.0,100.0,0.0
TB20Y0129,0.0,2025-07-22 14:29:00,12500000.0,0.0,100.0,0.0
TB20Y0228,0.0,2025-07-22 14:29:00,5000000.0,0.0,100.0,0.0
TB20Y0332,0.0,2025-07-22 14:29:00,25000000.0,0.0,100.0,0.0
TB20Y0533,0.0,2025-07-22 14:29:00,10000000.0,0.0,100.0,0.0
TB20Y0827,0.0,2025-07-22 14:29:00,5000000.0,0.0,100.0,0.0
TB20Y1032,0.0,2025-07-22 14:29:00,10000000.0,0.0,100.0,0.0
TB20Y1033,0.0,2025-07-22 14:29:00,15000000.0,0.0,100.0,0.0
TB20Y1133,0.0,2025-07-22 14:29:00,15000000.0,0.0,100.0,0.0
TB20Y1134,0.0,2025-07-22 14:29:00,68000000.0,0.0,100.0,0.0
TB2Y0826,99.74,2025-07-22 14:29:00,350000000.0,0.0,100.0,0.0
TB5Y0128,0.0,2025-07-22 14:29:00,170000000.0,0.0,100.0,0.0
TB5Y0725,0.0,2025-07-22 14:29:00,,,,
TB5Y1025,0.0,2025-07-22 14:29:00,400000000.0,0.0,100.0,0.0
TB5Y1229,100.84,2025-07-22 14:29:00,300000000.0,0.0,100.0,0.0
UCB,10.5,2025-07-22 14:29:00,1550375898.0,16278946929.0,88.92,14475239609.2668
VFSTDL,7.3,2025-07-22 14:29:00,105580055.0,770734401.5,69.23,533579426.15845
WALTONHIL,468.1,2025-07-22 14:29:00,302928343.0,141800757358.30002,38.91,55174674688.11453
WMSHIPYARD,9.1,2025-07-22 14:29:00,235203769.0,2140354297.8999999,69.99,1498033973.1002097
AAMRATECH,13.1,2025-07-22 14:29:00,64707442.0,847667490.1999999,69.99,593282476.3909799
ABB1STMF,3.8,2025-07-22 14:29:00,239090396.0,908543504.8,84.49,767628407.2055199
ACMEPL,15.2,2025-07-22 14:29:00,135000000.0,2052000000.0,68.2,1399464000.0
ACTIVEFINE,9.1,2025-07-22 14:29:00,239936580.0,2183422878.0,87.96,1920538763.4887998
AIL,47.3,2025-07-22 14:29:00,48676835.0,2302414295.5,69.76,1606164212.5408
AMANFEED,24.9,2025-07-22 14:29:00,130970400.0,3261162960.0,36.74,1198151271.5040002
AOL,15.3,2025-07-22 14:29:00,109782000.0,1679664600.0,69.35,1164847400.1
BATASHOE,879.6,2025-07-22 14:29:00,13680000.0,12032928000.0,30.0,3609878400.0
BEACONPHAR,116.9,2025-07-22 14:29:00,231000000.0,27003900000.0,60.14,16240145460.0
BPML,34.4,2025-07-22 14:29:00,173791441.0,5978425570.4,33.79,2020110000.23816
BSCPLC,134.0,2025-07-22 14:29:00,187038843.0,25063204962.0,23.07,5782081384.733399
CBLPBOND,0.0,2025-07-22 14:29:00,4000.0,0.0,100.0,0.0
CENTRALINS,38.4,2025-07-22 14:29:00,53144823.0,2040761203.1999998,60.8,1240782811.5456
CENTRALPHL,12.0,2025-07-22 14:29:00,119800844.0,1437610128.0,92.33,1327345431.1824
COPPERTECH,20.8,2025-07-22 14:29:00,65520000.0,1362816000.0,72.43,987087628.8000002
CROWNCEMNT,50.0,2025-07-22 14:29:00,148500000.0,7425000000.0,47.78,3547665000.0
DBH,37.1,2025-07-22 14:29:00,202867974.0,7526401835.400001,48.68,3663852413.47272
DHAKAINS,36.1,2025-07-22 14:29:00,40125000.0,1448512500.0,44.32,641980740.0
DOREENPWR,24.6,2025-07-22 14:29:00,181118901.0,4455524964.6,33.39,1487699785.6799402
EASTRNLUB,2907.0,2025-07-22 14:29:00,1587616.0,4615199712.0,33.96,1567321822.1952
EBL,25.1,2025-07-22 14:29:00,1595813388.0,40054916038.8,68.56,27461650436.201283
ESQUIRENIT,21.6,2025-07-22 14:29:00,134895833.0,2913749992.8,53.05,1545744371.1804001
EXIM1STMF,4.8,2025-07-22 14:29:00,143256343.0,687630446.4,78.03,536558037.3259199
FAMILYTEX,2.3,2025-07-22 14:29:00,354160388.0,814568892.4,95.98,781823222.9255201
FIRSTSBANK,4.3,2025-07-22 14:29:00,1208139379.0,5194999329.7,94.1,4888494369.2477
GLDNJMF,7.8,2025-07-22 14:29:00,100000000.0,780000000.0,39.0,304200000.0
HRTEX,26.9,2025-07-22 14:29:00,29221500.0,786058350.0,65.46,514553795.9099999
IBBLPBOND,631.0,2025-07-22 14:29:00,3000000.0,1893000000.0,100.0,1893000000.0
JHRML,52.4,2025-07-22 14:29:00,125294120.0,6565411888.0,67.7,4444783848.176001
KDSALTD,42.3,2025-07-22 14:29:00,74741479.0,3161564561.7,36.03,1139111711.58051
KPPL,19.8,2025-07-22 14:29:00,73040000.0,1446192000.0,60.24,871186060.8
LEGACYFOOT,60.8,2025-07-22 14:29:00,43079980.0,2619262784.0,66.75,1748357908.32
LINDEBD,993.9,2025-07-22 14:29:00,15218280.0,15125448492.0,40.0,6050179396.8
LRGLOBMF1,3.9,2025-07-22 14:29:00,311080332.0,1213213294.8,86.43,1048580250.6956401
MAGURAPLEX,91.2,2025-07-22 14:29:00,29603378.0,2699828073.6,54.19,1463036833.0838401
MIRACLEIND,29.8,2025-07-22 14:29:00,35218055.0,1049498039.0,69.74,731919932.3986
MONNOCERA,91.8,2025-07-22 14:29:00,37724317.0,3463092300.6,62.57,2166856852.4854198
MONNOFABR,14.1,2025-07-22 14:29:00,115000000.0,1621500000.0,69.1,1120456499.9999998
MPETROLEUM,208.2,2025-07-22 14:29:00,108216108.0,22530593685.6,41.33,9311894370.258478
NBL,3.8,2025-07-22 14:29:00,3219739570.0,12235010366.0,84.46,10333689755.123598
NCCBANK,10.7,2025-07-22 14:29:00,1110423096.0,11881527127.199999,64.99,7721804479.967279
NFML,11.5,2025-07-22 14:29:00,93361324.0,1073655226.0,69.6,747264037.2959999
NORTHERN,106.0,2025-07-22 14:29:00,2142000.0,227052000.0,84.91,192789853.2
PEOPLESINS,30.7,2025-07-22 14:29:00,46200000.0,1418340000.0,67.57,958372337.9999999
POWERGRID,34.5,2025-07-22 14:29:00,913806991.0,31526341189.5,19.5,6147636531.9525
PRIMETEX,13.8,2025-07-22 14:29:00,38200000.0,527160000.0,50.0,263580000.0
RELIANCINS,55.4,2025-07-22 14:29:00,105161087.0,5825924219.8,35.76,2083350501.00048
REPUBLIC,27.3,2025-07-22 14:29:00,54704156.0,1493423458.8,59.52,888885642.67776
SAMATALETH,70.7,2025-07-22 14:29:00,10320000.0,729624000.0,66.13,482500351.2
SHAHJABANK,18.0,2025-07-22 14:29:00,1112968351.0,20033430318.0,54.7,10958286383.946001
SHURWID,7.2,2025-07-22 14:29:00,57367750.0,413047800.0,87.99,363440759.22
SUMITPOWER,14.9,2025-07-22 14:29:00,1067877239.0,15911370861.1,36.81,5856975613.970911
TAKAFULINS,34.0,2025-07-22 14:29:00,42586977.0,1447957218.0,51.07,739471751.2326
TALLUSPIN,5.4,2025-07-22 14:29:00,89335375.0,482411025.00000006,70.0,337687717.50000006
TB10Y0333,0.0,2025-07-22 14:29:00,600000000.0,0.0,100.0,0.0
TB10Y0425,0.0,2025-07-22 14:29:00,,,,
TB10Y0630,0.0,2025-07-22 14:29:00,450000000.0,0.0,100.0,0.0
TB10Y0632,0.0,2025-07-22 14:29:00,450000000.0,0.0,100.0,0.0
TB15Y0340,102.17,2025-07-22 14:29:00,150000000.0,0.0,100.0,0.0
TB15Y0426,0.0,2025-07-22 14:29:00,25000000.0,0.0,100.0,0.0
TB15Y0528,0.0,2025-07-22 14:29:00,20000000.0,0.0,100.0,0.0
TB15Y0637,0.0,2025-07-22 14:29:00,206647000.0,0.0,100.0,0.0
TB15Y0725,0.0,2025-07-22 14:29:00,,,,
TB20Y0231,0.0,2025-07-22 14:29:00,15000000.0,0.0,100.0,0.0
TB20Y0233,0.0,2025-07-22 14:29:00,10000000.0,0.0,100.0,0.0
TB20Y0342,0.0,2025-07-22 14:29:00,335000000.0,0.0,100.0,0.0
TB20Y0431,0.0,2025-07-22 14:29:00,17500000.0,0.0,100.0,0.0
TB20Y0529,0.0,2025-07-22 14:29:00,13320000.0,0.0,100.0,0.0
TB20Y0530,0.0,2025-07-22 14:29:00,7500000.0,0.0,100.0,0.0
TB20Y0628,0.0,2025-07-22 14:29:00,5000000.0,0.0,100.0,0.0
TB20Y0633,0.0,2025-07-22 14:29:00,10000000.0,0.0,100.0,0.0
TB20Y0642,0.0,2025-07-22 14:29:00,441303000.0,0.0,100.0,0.0
TB20Y0727,0.0,2025-07-22 14:29:00,5000000.0,0.0,100.0,0.0
TB20Y0730,0.0,2025-07-22 14:29:00,12500000.0,0.0,100.0,0.0
TB20Y0831,0.0,2025-07-22 14:29:00,15000000.0,0.0,100.0,0.0
TB20Y0928,0.0,2025-07-22 14:29:00,12500000.0,0.0,100.0,0.0
TB20Y0933,0.0,2025-07-22 14:29:00,15000000.0,0.0,100.0,0.0
TB20Y1127,0.0,2025-07-22 14:29:00,5000000.0,0.0,100.0,0.0
TB20Y1227,0.0,2025-07-22 14:29:00,5000000.0,0.0,100.0,0.0
TB20Y1229,0.0,2025-07-22 14:29:00,15000000.0,0.0,100.0,0.0
TB20Y1242,75.77,2025-07-22 14:29:00,50000000.0,0.0,100.0,0.0
TB2Y0426,100.55,2025-07-22 14:29:00,230316000.0,0.0,100.0,0.0
TB2Y0627,0.0,2025-07-22 14:29:00,350000000.0,0.0,100.0,0.0
TB2Y0725,100.0,2025-07-22 14:29:00,,,,
TB2Y0727,0.0,2025-07-22 14:29:00,414050000.0,0.0,100.0,0.0
TB2Y0925,99.5,2025-07-22 14:29:00,270000000.0,0.0,100.0,0.0
TB5Y0430,100.8,2025-07-22 14:29:00,350000000.0,0.0,100.0,0.0
TB5Y0625,0.0,2025-07-22 14:29:00,,,,
TB5Y1224,0.0,2025-07-22 14:29:00,,,,
TECHNODRUG,32.5,2025-07-22 14:29:00,131998188.0,4289941110.0,37.29,1599719039.919
TRUSTB1MF,3.7,2025-07-22 14:29:00,303586675.0,1123270697.5,98.49,1106309309.9677498
TUNGHAI,2.7,2025-07-22 14:29:00,106653030.0,287963181.0,69.96,201459041.4276
UCB2PBOND,0.0,2025-07-22 14:29:00,60000.0,0.0,100.0,0.0
UNIONCAP,5.2,2025-07-22 14:29:00,172573843.0,897383983.6,71.06,637681058.74616
VAMLBDMF1,7.2,2025-07-22 14:29:00,104320000.0,751104000.0,98.08,736682803.2
ZAHEENSPIN,7.0,2025-07-22 14:29:00,113828368.0,796798576.0,68.9,548994218.864
ZEALBANGLA,87.8,2025-07-22 14:29:00,6000000.0,526800000.0,49.0,258132000.0
AAMRANET,19.0,2025-07-22 14:29:00,92979912.0,1766618328.0,66.96,1182927632.4287999
ABBLPBOND,900.0,2025-07-22 14:29:00,5710936.0,0.0,100.0,0.0
ACFL,17.2,2025-07-22 14:29:00,100833333.0,1734333327.6,50.42,874450863.7759199
ACI,195.1,2025-07-22 14:29:00,87831843.0,17135992569.3,54.23,9292848770.331388
ALIF,6.0,2025-07-22 14:29:00,259927022.0,1559562132.0,69.54,1084519506.5928001
APEXTANRY,73.0,2025-07-22 14:29:00,15240000.0,1112520000.0,65.18,725140536.0
ASIAINS,28.3,2025-07-22 14:29:00,47069858.0,1332076981.4,62.12,827486220.8456801
BDCOM,24.0,2025-07-22 14:29:00,59940823.0,1438579752.0,70.0,1007005826.4
BDLAMPS,138.8,2025-07-22 14:29:00,10527877.0,1461269327.6000001,38.15,557474248.4794
BDTHAI,13.5,2025-07-22 14:29:00,127775250.0,1724965875.0,70.82,1221620832.675
BNICL,39.5,2025-07-22 14:29:00,44250000.0,1747875000.0,39.87,696877762.5
BSRMSTEEL,63.7,2025-07-22 14:29:00,375952500.0,23948174250.0,27.94,6691119885.45
BXPHARMA,103.1,2025-07-22 14:29:00,446112089.0,45994156375.899994,69.87,32136117059.841328
DEBBDZIPP,0.0,2025-07-22 14:29:00,0.0,0.0,100.0,0.0
DESCO,24.6,2025-07-22 14:29:00,397569804.0,9780217178.4,32.34,3162922235.49456
EXIMBANK,6.2,2025-07-22 14:29:00,1447557344.0,8974855532.800001,67.56,6063412397.9596815
FAREASTLIF,27.8,2025-07-22 14:29:00,74742751.0,2077848477.8,79.92,1660616503.45776
FASFIN,3.0,2025-07-22 14:29:00,149077364.0,447232092.0,86.8,388197455.856
HEIDELBCEM,264.7,2025-07-22 14:29:00,56503580.0,14956497626.0,39.33,5882390516.3057995
ICBIBANK,2.8,2025-07-22 14:29:00,664702300.0,1861166440.0,47.07,876051043.3080001
IDLC,38.3,2025-07-22 14:29:00,436483409.0,16717314564.699999,43.34,7245284132.340981
INTRACO,22.0,2025-07-22 14:29:00,98232750.0,2161120500.0,69.94,1511487677.7
ISLAMICFIN,8.3,2025-07-22 14:29:00,140326670.0,1164711361.0,67.31,783967217.0891
KBPPWBIL,127.5,2025-07-22 14:29:00,98079877.0,12505184317.5,62.53,7819491753.73275
KTL,11.1,2025-07-22 14:29:00,116305200.0,1290987720.0,69.68,899560243.296
NAVANACNG,22.8,2025-07-22 14:29:00,75552772.0,1722603201.6000001,57.51,990669101.2401601
OLYMPIC,157.9,2025-07-22 14:29:00,199938886.0,31570350099.4,67.62,21347870737.214283
PADMAOIL,192.3,2025-07-22 14:29:00,98232750.0,18890157825.0,47.59,8989826108.917501
PARAMOUNT,40.4,2025-07-22 14:29:00,40664966.0,1642864626.3999999,51.52,846403855.5212799
PHOENIXFIN,3.9,2025-07-22 14:29:00,165874195.0,646909360.5,73.99,478648235.83395
PRAGATIINS,48.3,2025-07-22 14:29:00,78849086.0,3808410853.7999997,60.03,2286189035.53614
PRIMEINSUR,34.8,2025-07-22 14:29:00,40877498.0,1422536930.3999999,67.82,964764546.1972798
PRIMELIFE,35.8,2025-07-22 14:29:00,30520230.0,1092624234.0,63.92,698405410.3728
PTL,45.1,2025-07-22 14:29:00,179116886.0,8078171558.6,39.05,3154525993.6333003
RAHIMTEXT,154.8,2025-07-22 14:29:00,9459683.0,1464358928.4,29.06,425542704.59304
RAKCERAMIC,22.9,2025-07-22 14:29:00,427968701.0,9800483252.9,27.92,2736294924.20968
RDFOOD,24.3,2025-07-22 14:29:00,75973956.0,1846167130.8,62.49,1153669840.03692
RINGSHINE,3.1,2025-07-22 14:29:00,500313043.0,1550970433.3,63.54,985486613.3188199
RUNNERAUTO,28.6,2025-07-22 14:29:00,113539932.0,3247242055.2000003,53.07,1723311358.6946402
SAFKOSPINN,12.3,2025-07-22 14:29:00,29981716.0,368775106.8,70.0,258142574.76
SHASHADNIM,17.8,2025-07-22 14:29:00,141035910.0,2510439198.0,55.6,1395804194.0880003
SILVAPHL,11.3,2025-07-22 14:29:00,136500000.0,1542450000.0,54.79,845108355.0
SPCL,42.5,2025-07-22 14:29:00,186631629.0,7931844232.5,42.39,3362308770.1567497
SQURPHARMA,218.0,2025-07-22 14:29:00,886451010.0,193246320180.0,56.41,109010249213.538
STANDARINS,43.4,2025-07-22 14:29:00,43296592.0,1879072092.8,35.72,671204551.54816
TB10Y0429,0.0,2025-07-22 14:29:00,267500000.0,0.0,100.0,0.0
TB10Y0535,97.88,2025-07-22 14:29:00,350000000.0,0.0,100.0,0.0
TB10Y0731,0.0,2025-07-22 14:29:00,400000000.0,0.0,100.0,0.0
TB10Y0932,80.0,2025-07-22 14:29:00,200000000.0,0.0,100.0,0.0
TB10Y1030,0.0,2025-07-22 14:29:00,450000000.0,0.0,100.0,0.0
TB10Y1128,0.0,2025-07-22 14:29:00,300000000.0,0.0,100.0,0.0
TB15Y0425,0.0,2025-07-22 14:29:00,,,,
TB15Y0427,0.0,2025-07-22 14:29:00,50000000.0,0.0,100.0,0.0
TB15Y1026,0.0,2025-07-22 14:29:00,20000000.0,0.0,100.0,0.0
TB15Y1133,0.0,2025-07-22 14:29:00,415000000.0,0.0,100.0,0.0
TB20Y0131,0.0,2025-07-22 14:29:00,15000000.0,0.0,100.0,0.0
TB20Y0133,0.0,2025-07-22 14:29:00,10000000.0,0.0,100.0,0.0
TB20Y0232,0.0,2025-07-22 14:29:00,25000000.0,0.0,100.0,0.0
TB20Y0234,0.0,2025-07-22 14:29:00,15000000.0,0.0,100.0,0.0
TB20Y0432,0.0,2025-07-22 14:29:00,32500000.0,0.0,100.0,0.0
TB20Y0434,0.0,2025-07-22 14:29:00,30000000.0,0.0,100.0,0.0
TB20Y0528,0.0,2025-07-22 14:29:00,5000000.0,0.0,100.0,0.0
TB20Y0629,0.0,2025-07-22 14:29:00,8000000.0,0.0,100.0,0.0
TB20Y0630,0.0,2025-07-22 14:29:00,7500000.0,0.0,100.0,0.0
TB20Y0639,0.0,2025-07-22 14:29:00,365000000.0,0.0,100.0,0.0
TB20Y0932,0.0,2025-07-22 14:29:00,30000000.0,0.0,100.0,0.0
TB20Y0934,0.0,2025-07-22 14:29:00,25000000.0,0.0,100.0,0.0
TB20Y1128,0.0,2025-07-22 14:29:00,12500000.0,0.0,100.0,0.0
TB20Y1231,0.0,2025-07-22 14:29:00,17500000.0,0.0,100.0,0.0
TB20Y1233,0.0,2025-07-22 14:29:00,15000000.0,0.0,100.0,0.0
TB2Y0325,0.0,2025-07-22 14:29:00,,,,
TB2Y1026,0.0,2025-07-22 14:29:00,492624000.0,0.0,100.0,0.0
TB2Y1125,99.87,2025-07-22 14:29:00,136987000.0,13680891690.0,100.0,13680891690.0
TB5Y0429,102.49,2025-07-22 14:29:00,239782000.0,24575257180.0,100.0,24575257180.0
TB5Y0727,0.0,2025-07-22 14:29:00,330000000.0,0.0,100.0,0.0
TB5Y0928,0.0,2025-07-22 14:29:00,378983000.0,0.0,100.0,0.0
TB5Y1029,98.79,2025-07-22 14:29:00,549703000.0,0.0,100.0,0.0
TB5Y1228,97.63,2025-07-22 14:29:00,154768000.0,15109999840.0,100.0,15109999840.0
UNIQUEHRL,39.4,2025-07-22 14:29:00,294400000.0,11599360000.0,47.55,5515495680.0
UNITEDINS,37.1,2025-07-22 14:29:00,44500000.0,1650950000.0,40.1,662030950.0
UTTARABANK,21.2,2025-07-22 14:29:00,970268872.0,20569700086.399998,69.37,14269200949.935678
AGRANINS,24.7,2025-07-22 14:29:00,36018698.0,889661840.6,72.12,641624119.4407201
AIBL1STIMF,5.8,2025-07-22 14:29:00,100000000.0,580000000.0,90.0,522000000.0
AMBEEPHA,869.0,2025-07-22 14:29:00,2400000.0,2085600000.0,22.75,474474000.0
APSCLBOND,2620.5,2025-07-22 14:29:00,200000.0,0.0,100.0,0.0
ASIAPACINS,30.8,2025-07-22 14:29:00,42350000.0,1304380000.0,63.31,825802978.0
BANKASI1PB,8650.0,2025-07-22 14:29:00,68050.0,0.0,100.0,0.0
BANKASIA,15.8,2025-07-22 14:29:00,1282497546.0,20263461226.8,49.12,9953412154.604158
BATBC,312.7,2025-07-22 14:29:00,540000000.0,168858000000.0,26.45,44662941000.0
BAYLEASING,5.1,2025-07-22 14:29:00,140888443.0,718531059.3,80.36,577411559.25348
BDAUTOCA,105.3,2025-07-22 14:29:00,4326013.0,455529168.9,69.94,318597100.72866
BDFINANCE,10.8,2025-07-22 14:29:00,188236267.0,2032951683.6000001,81.11,1648927110.5679603
BDWELDING,10.5,2025-07-22 14:29:00,43349305.0,455167702.5,68.99,314020197.95475
BEXGSUKUK,46.0,2025-07-22 14:29:00,280924613.0,12922532198.0,100.0,12922532198.0
BIFC,6.1,2025-07-22 14:29:00,100679944.0,614147658.4,61.65,378622031.4036
DBLPBOND,6081.5,2025-07-22 14:29:00,40000.0,0.0,100.0,0.0
DEBBXFISH,0.0,2025-07-22 14:29:00,40000.0,0.0,100.0,0.0
DEBBXTEX,0.0,2025-07-22 14:29:00,96000.0,0.0,100.0,0.0
DELTASPINN,5.9,2025-07-22 14:29:00,166481964.0,982243587.6,79.4,779901408.5544
FBFIF,3.6,2025-07-22 14:29:00,776147028.0,2794129300.8,46.03,1286137717.15824
GIB,3.1,2025-07-22 14:29:00,1036811672.0,3214116183.2000003,84.57,2718178056.13224
GP,313.4,2025-07-22 14:29:00,1350300022.0,423184026894.8,10.0,42318402689.48
HAKKANIPUL,65.8,2025-07-22 14:29:00,19000000.0,1250200000.0,52.72,659105440.0
HFL,8.9,2025-07-22 14:29:00,91057312.0,810410076.8000001,48.62,394021379.34016
ICICL,21.2,2025-07-22 14:29:00,50652766.0,1073838639.2,58.7,630343281.2104001
IFILISLMF1,4.9,2025-07-22 14:29:00,100000000.0,490000000.00000006,99.0,485100000.00000006
INDEXAGRO,68.5,2025-07-22 14:29:00,47253649.0,3236874956.5,42.23,1366932294.12995
INTECH,19.7,2025-07-22 14:29:00,31321226.0,617028152.1999999,70.0,431919706.5399999
ISLAMIINS,38.1,2025-07-22 14:29:00,41165215.0,1568394691.5,54.39,853049872.7068499
ISNLTD,43.0,2025-07-22 14:29:00,10920003.0,469560129.0,78.52,368698613.29080003
MATINSPINN,47.3,2025-07-22 14:29:00,97490000.0,4611277000.0,67.28,3102467165.6
MEGCONMILK,17.9,2025-07-22 14:29:00,16000000.0,286400000.0,62.57,179200480.0
MEGHNAINS,24.5,2025-07-22 14:29:00,40000000.0,980000000.0,70.75,693350000.0
MEGHNALIFE,0.0,2025-07-22 14:29:00,42405218.0,0.0,69.89,0.0
NAVANAPHAR,54.2,2025-07-22 14:29:00,107416217.0,5821958961.400001,68.36,3979891146.01304
OAL,7.8,2025-07-22 14:29:00,169526982.0,1322310459.6,74.19,981022129.9772398
PDL,6.7,2025-07-22 14:29:00,183550143.0,1229785958.1000001,69.88,859374427.52028
PHPMF1,3.5,2025-07-22 14:29:00,281893264.0,986626424.0,88.28,870993807.1072
PLFSL,1.9,2025-07-22 14:29:00,285440597.0,542337134.3,81.85,443902944.42454994
PREMIERLEA,3.0,2025-07-22 14:29:00,132970210.0,398910630.0,77.24,308118570.612
PRIMEBANK,28.2,2025-07-22 14:29:00,1160590563.0,32728653876.6,61.65,20177215114.9239
QUASEMIND,39.9,2025-07-22 14:29:00,72726541.0,2901788985.9,70.0,2031252290.13
RANFOUNDRY,156.0,2025-07-22 14:29:00,10000000.0,1560000000.0,50.11,781716000.0
RELIANCE1,17.8,2025-07-22 14:29:00,60500000.0,1076900000.0,80.0,861520000.0
ROBI,25.8,2025-07-22 14:29:00,5237932895.0,135138668691.0,10.0,13513866869.1
SAIFPOWER,7.5,2025-07-22 14:29:00,379338647.0,2845039852.5,59.94,1705316887.5885
SALAMCRST,22.1,2025-07-22 14:29:00,98371100.0,2174001310.0,51.5,1119610674.65
SALVOCHEM,23.8,2025-07-22 14:29:00,65022793.0,1547542473.4,74.82,1157871278.59788
SAMORITA,64.4,2025-07-22 14:29:00,21800897.0,1403977766.8000002,55.4,777803682.8072
SAVAREFR,0.0,2025-07-22 14:29:00,1392800.0,0.0,49.32,0.0
SBACBANK,8.2,2025-07-22 14:29:00,824191650.0,6758371529.999999,31.81,2149837983.6929994
SIPLC,48.4,2025-07-22 14:29:00,40000000.0,1936000000.0,40.0,774400000.0
SSSTEEL,6.2,2025-07-22 14:29:00,328633200.0,2037525840.0,69.06,1407115345.1039999
TB10Y0126,0.0,2025-07-22 14:29:00,260000000.0,0.0,100.0,0.0
TB10Y0231,0.0,2025-07-22 14:29:00,450000000.0,0.0,100.0,0.0
TB10Y0532,0.0,2025-07-22 14:29:00,430000000.0,0.0,100.0,0.0
TB10Y0628,0.0,2025-07-22 14:29:00,280000000.0,0.0,100.0,0.0
TB10Y0634,0.0,2025-07-22 14:29:00,240279000.0,0.0,100.0,0.0
TB10Y0730,0.0,2025-07-22 14:29:00,400000000.0,0.0,100.0,0.0
TB10Y1027,0.0,2025-07-22 14:29:00,280000000.0,0.0,100.0,0.0
TB10Y1031,0.0,2025-07-22 14:29:00,450000000.0,0.0,100.0,0.0
TB10Y1232,0.0,2025-07-22 14:29:00,250000000.0,0.0,100.0,0.0
TB15Y0326,0.0,2025-07-22 14:29:00,20000000.0,0.0,100.0,0.0
TB15Y0527,0.0,2025-07-22 14:29:00,50000000.0,0.0,100.0,0.0
TB15Y0635,0.0,2025-07-22 14:29:00,449930000.0,0.0,100.0,0.0
TB15Y0736,0.0,2025-07-22 14:29:00,450000000.0,0.0,100.0,0.0
TB15Y0825,0.0,2025-07-22 14:29:00,14000000.0,0.0,100.0,0.0
TB15Y0829,0.0,2025-07-22 14:29:00,25000000.0,0.0,100.0,0.0
TB15Y0929,0.0,2025-07-22 14:29:00,25000000.0,0.0,100.0,0.0
TB15Y1129,0.0,2025-07-22 14:29:00,68000000.0,0.0,100.0,0.0
TB15Y1226,0.0,2025-07-22 14:29:00,20000000.0,0.0,100.0,0.0
TB20Y0143,0.0,2025-07-22 14:29:00,85000000.0,0.0,100.0,0.0
TB20Y0329,0.0,2025-07-22 14:29:00,15000000.0,0.0,100.0,0.0
TB20Y0330,0.0,2025-07-22 14:29:00,10000000.0,0.0,100.0,0.0
TB20Y0433,0.0,2025-07-22 14:29:00,10000000.0,0.0,100.0,0.0
TB20Y0631,0.0,2025-07-22 14:29:00,18500000.0,0.0,100.0,0.0
TB20Y0640,86.35,2025-07-22 14:29:00,450000000.0,38857500000.0,100.0,38857500000.0
TB20Y0744,100.8,2025-07-22 14:29:00,216682000.0,0.0,100.0,0.0
TB20Y0832,0.0,2025-07-22 14:29:00,30000000.0,0.0,100.0,0.0
TB20Y0931,0.0,2025-07-22 14:29:00,15000000.0,0.0,100.0,0.0
TB20Y1031,0.0,2025-07-22 14:29:00,17500000.0,0.0,100.0,0.0
TB20Y1131,0.0,2025-07-22 14:29:00,17500000.0,0.0,100.0,0.0
TB20Y1232,0.0,2025-07-22 14:29:00,10000000.0,0.0,100.0,0.0
TB2Y0526,100.24,2025-07-22 14:29:00,298588000.0,0.0,100.0,0.0
TB2Y1024,0.0,2025-07-22 14:29:00,,,,
TB2Y1126,100.03,2025-07-22 14:29:00,266658000.0,0.0,100.0,0.0
TB5Y0425,0.0,2025-07-22 14:29:00,,,,
TB5Y1127,0.0,2025-07-22 14:29:00,100000000.0,0.0,100.0,0.0
UPGDCL,131.4,2025-07-22 14:29:00,579695270.0,76171958478.0,10.0,7617195847.8
